id,class,predictionstring
E05C7F5C1156,,
21730F71662E,,
8BFC5B17C5AF,,
97CF45004451,,
9996C0482579,,
D036DAA5DC63,,
60E368CF51B8,,
E7C2FE6B860D,,
5836F167C056,,
D30E609DA439,,
E362A8296E6F,,
9B21F354EAE6,,
45B098D3A19B,,
F6FD47E8BDA2,,
9B833E0B141D,,
F2D460AF3FEF,,
E478A1EEF2DC,,
A9DA11C7B5D3,,
4C587D63904C,,
DB62AC364AB2,,
4E4D7800BB10,,
80C373189E7C,,
E20909405FED,,
D9376FA15233,,
36B65EF457C1,,
3AAF5AE486B2,,
FE018F15F8A4,,
46CC604487AB,,
1F0A1EA2D49B,,
BEFEAAA5B388,,
939C163906D1,,
D20BEF9C2CD7,,
1E8C298D92CB,,
A65BB728AB32,,
C3D2BC13EC00,,
AA31989A6C87,,
A303B199A496,,
9869D38D9EDB,,
E8D55D0C4BAF,,
BFC4CADADD49,,
A2F3C27C7CE0,,
09601E40B377,,
96948C0AFC15,,
34C979F3ABAA,,
F0D1114C5782,,
2187FAAB11BD,,
11950E4412E5,,
C0459F75A8DB,,
22416450E0EF,,
8C61F2374230,,
79887DA7C1B1,,
DD4953261FCD,,
0F0813F0146A,,
02FDCCA0C7D2,,
6D1FB567121E,,
E05ACF2DFCB8,,
844406CFDCD9,,
86E5ADAE8206,,
F3A94AC4FD8E,,
63EE52366E69,,
9F7BBA5FC646,,
8C7930D181C3,,
436E25853B7F,,
5E9118C7949A,,
8D73796D52E9,,
A41214DF1DC5,,
C4E2EF38E029,,
939B172F88F0,,
7A5D38D49C13,,
ABC4770058F6,,
130F9B6DCCF9,,
D30AC446FAC6,,
18FDF183D4D1,,
C535ACEE801E,,
F1A9A822A619,,
6A6651ADD38C,,
4B81975FA4E8,,
7D378AEFD0C3,,
503E1602666C,,
6F326F032E91,,
5154CFF4823F,,
3D19CC6F2F53,,
CFEB73B3B0A7,,
2FDFE1F37A07,,
F48EF80D2ED3,,
2400C8B565F1,,
4B048F74F3E7,,
7DDC0463AE26,,
8EAD127ACC77,,
68F9DF667783,,
703C3A3D102B,,
660E2CA45DA6,,
E595E218D423,,
E60A91172B20,,
10F8D3AD9F03,,
AF417DD4BF66,,
6141232BA814,,
F00C1DD5FF78,,
169B43A80D26,,
A2C06AF1DD3A,,
53986279FB2A,,
C96BB22A0B19,,
DF890FC7D48F,,
75C2D5CE58D0,,
99CAD0AF3560,,
DBB8D193FF22,,
44E7D4E2BDE4,,
E6337FDAD05A,,
5CC94F3773B1,,
01DB053153E0,,
AD447A0ADA1E,,
C5021AF61E5F,,
26A2D097B6CB,,
9C61ACA70773,,
CA3BC65D287E,,
0F10DC1AE015,,
883D374AC02F,,
57ED566E615C,,
190A7CF741CE,,
D66B89FC3757,,
3AFA78FFFC15,,
A501F5FB719A,,
064E497ED786,,
906B27CFFFA0,,
8B4B5C6DD5DA,,
8B74BC1E0166,,
768885A4B61A,,
C818ACA9DB76,,
8484FA8389A3,,
26B43880FD1E,,
8B9455709423,,
F78B66358F6F,,
10B28752BA07,,
688E61008A5D,,
B437EB073109,,
291AAEA628E1,,
F3E151A8D172,,
B6695545FC89,,
6C3B81B109A8,,
CF8ABC3DE382,,
FF35257B6394,,
5E0DEE67C111,,
53566DEC3EBD,,
3FC1377C323B,,
567D7BBCEF48,,
43121098266D,,
AFD9DAA96F07,,
926ED90DDC14,,
023CEE52C08C,,
74FFF7DC9E4B,,
BC22AA8852AD,,
44D73D95E310,,
1E235AB03C8A,,
255F29455E8B,,
7500A3088217,,
9D7B6188017C,,
E6FA8C74E0A2,,
2A7755E94148,,
C33B92E8D3FE,,
22C152CE5B3E,,
4EC695D24F3F,,
37D329C27338,,
C39B288CDD5F,,
231FDA202B25,,
A1D7774A54B4,,
6B4F37D30E7C,,
63497CF4DD0D,,
DC834BD755DD,,
1D8FBF99975A,,
187FEAAD43C6,,
4A4A502DE26A,,
0885AF436778,,
A550B41E7CD7,,
0E424AAB5B39,,
8BA8BA5260AD,,
F0095A6449E9,,
C17BFEC19D9C,,
0873F94DA728,,
DD815F136494,,
38F506B031E1,,
A8A25F94F5B6,,
B970F5895E51,,
8E3D896212F3,,
BB73F328D545,,
EE6CE96959D4,,
42DC0DED6A11,,
812F57286987,,
216A05AF987E,,
09DB075C4ACE,,
D2A7CA1EEFC5,,
E518FBD13C3A,,
71A434779420,,
49FAAE286911,,
DB1B143B6EB1,,
1F9C60A47E3D,,
F5FFB56CDD7B,,
7F84D437B36C,,
08A6AD8C775B,,
C620D8B8466B,,
C237996BF240,,
2E7B7DA84C7A,,
8105CDA99A3C,,
411AE0653A8C,,
8EB905FB00AD,,
2F0430BB0184,,
C99E756A724F,,
B046369E5206,,
239F538B2E45,,
FD311907E3DB,,
06A3DB5E35B4,,
55B23DF63AEC,,
D14EF715D1E8,,
44DBB635DEB1,,
2440CD90B084,,
23A2D8E5F8EF,,
58CC9DBF6421,,
5B2EAD37D5A8,,
8FE284BA4D25,,
04ACF5873DE9,,
DC93D8BDE631,,
90B7EBED2F5E,,
5E6A91EF5A25,,
D231A7D9E0BD,,
C13F7CD75B84,,
69551E79C36E,,
1A0E4BA7410D,,
290C7EB656AB,,
EE48F303DC25,,
791E0902EAD5,,
B39E22A349BD,,
9B8E46362E43,,
24708E827578,,
465810444E5F,,
7CF49298CBEF,,
9FA7B30CC4D1,,
47D025408E0F,,
AC78193CD7B9,,
4819AB11D62A,,
86052928ECB9,,
E1B4C22E7785,,
D514ED6A3665,,
905D77AA5E83,,
A3EF457B5F61,,
B60965F6B17C,,
20B696B5B9EE,,
D5D689030CA2,,
CC067F0DC876,,
31DB1BDE89A1,,
C9418C26839F,,
7B64BC831CD9,,
D91DF55E351B,,
28A7B5B9219E,,
232936504C18,,
4223E5722166,,
F7E94EADC403,,
076DBAE9AA98,,
BA43E40FDC33,,
C0288C918431,,
808052FD74DF,,
C7A8E7FB21EE,,
73B8CA4B266A,,
F9692B89FE21,,
B1DB05B61A1F,,
3D071A53EF80,,
2D28CE622B8E,,
62C57C524CD2,,
0306244BF63F,,
C163D52B6F43,,
95D8D99C517E,,
202C16A5B108,,
FA205817C3C5,,
7C7826E3F76B,,
AAA9670F8168,,
E70A8E816E0D,,
42D6746FE68C,,
9BAE97BE9789,,
DB1F750E70E1,,
0EF2B186C58C,,
838AA0C9A269,,
561370B7DC8B,,
01604A97F0C3,,
66BB82BD76B2,,
67843D0A6F5B,,
B5BB734A713B,,
34EA7BCEA0FC,,
F538469756EF,,
7DD4965D762E,,
253AB1BAC707,,
616F8E0EFABF,,
0F5879D60008,,
CCF388E0F66C,,
2612A22EE32D,,
8CE86A8F7EE0,,
D470DB16B85E,,
7936460A2B7B,,
0FDA1BD66918,,
0A081F215FDE,,
4768A4B9E142,,
0266C68066E7,,
E4F518EFCAEE,,
9715D8D6F842,,
75CAC98E8BEF,,
43D48A2CB03C,,
0569AB34FCC3,,
1C2A0066C93C,,
908DDD3BF86B,,
A39261D4A017,,
36E3A712A2CD,,
27DE9583F170,,
899FE6A07507,,
4E82D37B94C6,,
DDB72DE5A7B2,,
077FC5CBB132,,
CFDA85021846,,
9FF6EB096167,,
A132AEDB4B09,,
9022E3076084,,
BF8116051B9D,,
6262ED336DBD,,
F5A0216C4DEF,,
BF195B6C980A,,
E249399CA04E,,
0909F689A892,,
3E2162BC32F6,,
2DA4174A3B84,,
271E7282493D,,
7C32A43580A5,,
928B57062E9A,,
8F0C52187FE6,,
2C283B3AD1F5,,
F71A1E42E4B5,,
BFA821713F92,,
1ECD38D0E975,,
C3C4D847175E,,
A47BE7BB6F08,,
1BEB13D46E9D,,
2B1C42B1F534,,
7BB808935B65,,
C65C1B3AA577,,
53075D4CA4B0,,
4A687A432A70,,
1F20005BEBB6,,
33F87143A0AF,,
E805EA83734A,,
E5F3EC28F670,,
BEBA66D273BC,,
4ABA61F516D1,,
AD36382E3CC7,,
A157D4491C7E,,
2099CD327374,,
D81FB980878F,,
790196745178,,
BAA77B0FC943,,
22ECC2FD37EE,,
C0BC4F5DCB79,,
754CED955EFD,,
060CD5A52BC6,,
11BDD8D2F4A1,,
C1D354F07E03,,
811DE32FCE53,,
10EA6B480FA5,,
2ABF91C208B8,,
3493BED78E8E,,
350376FA39BD,,
CD33A5B0A307,,
25A2C11C8748,,
9EF555637FBC,,
08CC837C9EC3,,
DF9C8AF077C6,,
04B2FF7FB176,,
725C2A19D865,,
7F89720B3C67,,
0B7F3B54E23E,,
305B4157DD19,,
4EB436F7DB61,,
8EBD2CC376A9,,
339048408CDE,,
4510E0D4FDEE,,
728DD08A8342,,
4378E5815F2B,,
03A9CF7C7141,,
B5F53F784EE2,,
0E8939D81B95,,
B500090869F9,,
F33BC3C2DDF3,,
D62E2B64236C,,
E676BEF17B80,,
F1D2BA3E0D47,,
B27C4443F88F,,
F93CCC2EF0A5,,
9CC05FDD1C8F,,
2D4643197395,,
10E71B56EBDE,,
51E211998DF0,,
089CDCA504A1,,
6D5342D9F89C,,
B00B5447FE83,,
943F3B3FBB17,,
1A88DC345340,,
A0F1B1F7D109,,
B8E816DA2049,,
96A010A50052,,
3AB30AB267DA,,
505E7BE96294,,
C848C44E3004,,
C9CB05ABAE95,,
418926C5327A,,
A0215B1294B9,,
1DA7EAA3CE67,,
9F12C5402E1C,,
8387BDBA7F9B,,
6AEC3D4895A7,,
F4B3B2CAB030,,
DD718D458160,,
C2B40B0DCC34,,
52D49831B279,,
C55EA5FFDB2D,,
4E49BF91D772,,
6805FE96E548,,
451E8369BB76,,
4C083F3FA3EA,,
4225F6D4303A,,
098FA5D40CF6,,
363F69979EAB,,
58358B109222,,
05F30981F3EB,,
7503F2114244,,
E8D3A695C074,,
9E8E7DF87172,,
8B095EB24288,,
593E2802E27C,,
BD0A4A94AC7B,,
6DF747F4A277,,
AE359CF88362,,
33518A2CC63F,,
66031F0D0329,,
1BA120ABF733,,
9F203E3DB9F8,,
7B6F9C7801B2,,
2ED1E6441A1B,,
60C183CFA58F,,
27FF1FD699B1,,
C7FDBAE38C0C,,
C5D21B0E0FD6,,
3321A3E87AD3,,
84705C9E9180,,
D9B9F1212FB0,,
1553852F57B7,,
EF9D79A33BE7,,
C5EF5C407C10,,
D62BC508C6BB,,
50446FC1E14D,,
27FC2D31B704,,
0EA59AC549C4,,
3709B707B55D,,
F4931416AC4C,,
7B751C9BE162,,
BF7DA06D503F,,
A9C32291F224,,
765FE8D30F1A,,
713B362568B4,,
832BF7151D40,,
994898BB8EDF,,
AAFE0E511953,,
77B24A0D87C0,,
4A38FAE588D9,,
579C38EE157B,,
8E634C8CED65,,
628101B81007,,
29BB51045AD5,,
6F29B2264805,,
00A4CB36E006,,
F2941764EE14,,
3ABC3C461EE1,,
29BB45AA907C,,
3206E3F5CA39,,
0EC6CB60A702,,
828FE7B8D02C,,
2F76D50DCF47,,
B74091BD48A1,,
1D5346180BBF,,
A39803B6EBE9,,
BA30863CDECB,,
773ED9A4F7C0,,
8B4A257DC797,,
F7B5465E1AC5,,
A066B195BA06,,
37986AF08E7A,,
0F13AFF35C0C,,
14CD7481EF35,,
6D6B05E5478D,,
FA483ED371E7,,
C0611756DF81,,
C0643251A96A,,
1C7E0D499FBB,,
678504F90802,,
141A60AB7B0D,,
7EEF498A0C92,,
355534539B7E,,
03C96AF26E75,,
